,,"Name (click to view profile)",Date,Likes,isHearted,isPinned,Comment,"Profile ID","Comment ID","Comment URL"
1,,"rifqi fauzi","2020-11-23 22:01:26",0,no,no,"Pembahasan yg menarik dari sisi PR besar Apple dengan soc ARM, yg juga sama sebenarnya dengan chip dari snapdragon yang di pake Microsoft, cuman keunggulan apple sudah ada rosetanya. Menurut saya sih memang teknologi laptop harus mengarah ke arm, dan Apple ketika ikut ke arah sini sudah cukup bagus karena transisi teknologi ini akan semakin cepat dan yg di untungkan konsumen juga. Akan banyak nantinya laptop murah dengan performa kenceng dan batre awet",UCgaLS7eySanFpp6sqR92JSA,UgxyckLmOEPkR1hatnR4AaABAg,https://www.youtube.com/watch?v=EJ_Rm7a7tKc&lc=UgxyckLmOEPkR1hatnR4AaABAg
2,,"RaviKun MC","2020-11-23 22:20:18",0,no,no,"Lagi nabung buat mac mini 512gb~~~",UCDYEli6qgV5oR74JMQxpFeA,UgwRJ0JSSJ2vUI7iXTh4AaABAg,https://www.youtube.com/watch?v=EJ_Rm7a7tKc&lc=UgwRJ0JSSJ2vUI7iXTh4AaABAg
3,,"Ilham Buono","2020-11-23 22:36:47",0,no,no,"IMO,dengan menggunakan node 5nm TSMC, performa nya ga begitu impresif, which is the best & the most efficient node yet
Tp kalo dibandingin dengan performa Intel, ya jelas impresif, node nya jauh dari 14 nm ke 5nm",UCXnhQQBtje-Tta7DWJxaT5w,Ugy8Vhov1hAMuLtVBp14AaABAg,https://www.youtube.com/watch?v=EJ_Rm7a7tKc&lc=Ugy8Vhov1hAMuLtVBp14AaABAg
4,,"26_ Defan","2020-11-23 23:24:27",0,no,no,"Apapun laptopnya, mending rakit pc",UCw_rgyb3W3GbG9HcuRYcsXA,UgxpKAcQ1jEOZAHrGat4AaABAg,https://www.youtube.com/watch?v=EJ_Rm7a7tKc&lc=UgxpKAcQ1jEOZAHrGat4AaABAg
5,,"26_ Defan","2020-11-23 23:25:08",0,no,no,"Semoga apple keluarin cpu buat rakit pc",UCw_rgyb3W3GbG9HcuRYcsXA,UgwMrUIeEhYuJY7DB-p4AaABAg,https://www.youtube.com/watch?v=EJ_Rm7a7tKc&lc=UgwMrUIeEhYuJY7DB-p4AaABAg
6,,"Gus Bro17","2020-11-23 23:27:04",0,no,no,"Bg saya mau minta tolong untuk overclocking ram gskill sniper x untuk nyentuh ke 3400mhz untuk harian, berapa voltase nya sama angka seperti 11.11.11.11, minta saran nya bg 🙏 yang pas untuk harian, saya make ryzen 5 3600",UC_L00qocLYPvbjo9xlAPeag,UgwHWOs59PjHCXHqkOl4AaABAg,https://www.youtube.com/watch?v=EJ_Rm7a7tKc&lc=UgwHWOs59PjHCXHqkOl4AaABAg
7,,encrypt0r,"2020-11-24 00:17:28",1,no,no,"Subki : ""Mekbuk Air, Mekbuk Pro, Mek Mini""",UCAnMnEtjgVtug8vmRT-2PVw,UgxyKGSFDuZi_3L-w5t4AaABAg,https://www.youtube.com/watch?v=EJ_Rm7a7tKc&lc=UgxyKGSFDuZi_3L-w5t4AaABAg
8,,"ardi ari fuzaki","2020-11-24 00:17:51",0,no,no,"Nonton dengan asus max pro M1",UCDwQO4FRk_tr_LNNvn2WXoQ,UgxzArYV_Ufk0JLKjFR4AaABAg,https://www.youtube.com/watch?v=EJ_Rm7a7tKc&lc=UgxzArYV_Ufk0JLKjFR4AaABAg
9,,"Didi Abdillah","2020-11-24 00:20:21",0,no,no,"Ga bisa Upgrade ram, ga bisa nambah GPU ... kurang apa lagi coba",UC_SOAjINwyCQVh3yFYqgjrg,UgyF1lE2fmYOHiVeAKd4AaABAg,https://www.youtube.com/watch?v=EJ_Rm7a7tKc&lc=UgyF1lE2fmYOHiVeAKd4AaABAg
10,,"Ryan Dwi Putra","2020-11-24 00:26:23",0,no,no,"hai anda 😂 jgn hina antutu kami",UCtfEqH_u7TXMVxFcWghOGRg,UgzQazb3dlneDUxo9aV4AaABAg,https://www.youtube.com/watch?v=EJ_Rm7a7tKc&lc=UgzQazb3dlneDUxo9aV4AaABAg
11,,"yusuf Furqon Yudha Tama","2020-11-24 01:06:00",0,no,no,"Mantap bang, kesimpulan yang ditangkep, kalau AM1 mau masuk ke pasar CPU , Apple secara terpaksa harus ngelepas idealismenya. Disebabkan pasar hardware & software terutama games yang sudah lama dikuasai kompetitor. Ya, karna fakta CPU kenceng dan compact otomatis masuk ke performa alias buat gaming. Sedangkan bagi kalangan produktivitas tinggi/profesional, super multicore CPU kayak Xeon & Trheadripper tetap menjadi andalan. Kecuali, M1 apple mau arahnya masuk ke workstation.
Secara kompatibilitas pastinya masih memerlukan waktu untuk penyesuaian dan riset lgi, seperti proses kerjasama dengan develop atau perusahaan lain.",UCdeq5tpkX0cPpqIGuTBNSeQ,Ugw8TgOblIQhuAl7IXd4AaABAg,https://www.youtube.com/watch?v=EJ_Rm7a7tKc&lc=Ugw8TgOblIQhuAl7IXd4AaABAg
12,,"Affus Suffa","2020-11-24 01:27:16",0,no,no,"Thumbnail yang sangat menbagongkan",UCzUJfqsVRYDcUGhK1JfAMQA,Ugx9agz0lHoKYoaWem94AaABAg,https://www.youtube.com/watch?v=EJ_Rm7a7tKc&lc=Ugx9agz0lHoKYoaWem94AaABAg
13,,"Rizky S","2020-11-24 03:05:25",0,no,no,"thank you bro, info lu sangat detail.

Thunderbolt nya buat apa? lah buat gimmick lah untuk user nya yang awan banget.",UCig5OVpQz6lsVgbf1T4UJlg,UgxlxYOa_vfAT5H1wOZ4AaABAg,https://www.youtube.com/watch?v=EJ_Rm7a7tKc&lc=UgxlxYOa_vfAT5H1wOZ4AaABAg
14,,"krisna hulio","2020-11-24 03:14:20",3,no,no,"Apple M1 lebih cocok dibandingin sama Snapdragon 8cx yg sama sama ARM based",UCwkwWdzsnfSX1iuxAdil2zA,Ugz4Zoxd30eIJaCT85d4AaABAg,https://www.youtube.com/watch?v=EJ_Rm7a7tKc&lc=Ugz4Zoxd30eIJaCT85d4AaABAg
15,,"tri widarto","2020-11-24 03:37:58",0,no,no,"tungguin M1 pro......hahaha",UCmP2HcAX9ycWK1iVcgedu_Q,UgzpXUcr26LUAfqqONJ4AaABAg,https://www.youtube.com/watch?v=EJ_Rm7a7tKc&lc=UgzpXUcr26LUAfqqONJ4AaABAg
16,,"Loli Con","2020-11-24 04:53:38",2,no,no,"Qualcomm : masih gua pantau....",UCj_9znft7BGVfAwfPMza6Iw,UgwEbVYHqZE1djtK23t4AaABAg,https://www.youtube.com/watch?v=EJ_Rm7a7tKc&lc=UgwEbVYHqZE1djtK23t4AaABAg
17,,"Prasetyo Paembonan","2020-11-24 06:11:49",3,no,no,"menurut gua sih banyak orang yang salah kaprah kalau apple gambling dengan M1 dan ekosistem barunya. Karena 1 hal  yang kita lupa, Apple ibarat kiblat teknologi dari dulu, dan developer dari dulu very loyal banget sangat ekosistem apple karena as we know kebanyakan prouductivity user like Fotografer, Orang IT semua pake apple jadi sudah pasti begitu apple berubah mereka juga pasti memprioritaskan untuk mengoptimize apple terlebih dahulu.Dan juga kalaupun apple M1 tidak laku seperti generasi sebelumnya yah bukan karena jelek tapi menunggu generasi ke 2 atau ke 3 yang pasti jauh lebih baik dari generasi 1 yang ibaratnya trial product yang dilempar ke masyarakat. Dan soal ARM atau X86 mana yang lebih unggul, ARM sampai sekarang semakin mendekati X86, bahkan terkadang SOC berbasis ARM bisa mengguli CPU X86 dalam beberapa test mau secara Benchmar, atau Penggunaan productivity nyata. Seperti M1 yang bahkan mengalahkan time render 4K di final cut pro atau adobe premiere 2 atau 3 kali lebih cepat.",UCfUx7DVrLoMIBjDIWai7aIg,UgxtsTtkQJSp4eL2LJN4AaABAg,https://www.youtube.com/watch?v=EJ_Rm7a7tKc&lc=UgxtsTtkQJSp4eL2LJN4AaABAg
18,,"Bayu Rizky Armanda","2020-11-24 07:03:10",0,no,no,"Apakah Qualcomm Snapdragon windows dengan Apple m1 macbook bisa seoptimal x86-64",UCb_swdQBuIzQwhCasg93HtQ,UgxYydpK169gdsYyKS54AaABAg,https://www.youtube.com/watch?v=EJ_Rm7a7tKc&lc=UgxYydpK169gdsYyKS54AaABAg
19,,AbdMD,"2020-11-24 08:03:40",0,no,no,"waduh jonn jonn wkwkwkw",UCBA18eOGtWQBm3wO1epVtKQ,Ugx9nq4-d7MObKg4MxF4AaABAg,https://www.youtube.com/watch?v=EJ_Rm7a7tKc&lc=Ugx9nq4-d7MObKg4MxF4AaABAg
20,,"Muhammad Alim Adriansyah","2020-11-24 11:25:28",13,no,no,"apple selalu punya pasar nya sendiri sih, mau apple bikin sempak gw yakin juga ada yang beli",UC8FN5w3MAZulDQvZADAjYDA,UgzjwAlaWxnS2w2NDLd4AaABAg,https://www.youtube.com/watch?v=EJ_Rm7a7tKc&lc=UgzjwAlaWxnS2w2NDLd4AaABAg
21,,"Nanda Ermaldi","2020-11-24 11:55:04",0,no,no,"kalo misalnya adobe dan software lainnya di M1 udah arm compitible bisa jadi nanti yang arm buat windows jadi naik lagi soalnya base mereka udah ARM compitable, mungkin aja windows arm naik lagi karena softwarenya udah ada.",UCKc-Ur7vZlBN7XMv959DR3w,UgzvSJZK4VbZYWqQpfh4AaABAg,https://www.youtube.com/watch?v=EJ_Rm7a7tKc&lc=UgzvSJZK4VbZYWqQpfh4AaABAg
22,,"Mukhotob Hamzah","2020-11-24 12:43:46",0,no,no,5:45,UCZeorZs0j2-DmKuQtuVvWgQ,Ugxh9uszrILuZAY0uyp4AaABAg,https://www.youtube.com/watch?v=EJ_Rm7a7tKc&lc=Ugxh9uszrILuZAY0uyp4AaABAg
23,,"Faisal Habibie","2020-11-24 13:44:33",0,no,no,"dalam beberapa tahun, mungkin kita akan melupakan intel seperti halnya blackberry dan nokia.",UCNDA5Ro4U8yI5X2AWeXqIEQ,UgwYY1lLcUeuGTTlJtp4AaABAg,https://www.youtube.com/watch?v=EJ_Rm7a7tKc&lc=UgwYY1lLcUeuGTTlJtp4AaABAg
24,,"Zaid Channel","2020-11-25 01:31:21",0,no,no,"Bang, ane kn ngerakit PC pake panduan bang subki jajan ke enter https://youtu.be/4QCHPAJ31bA
Ane nyari gtx 1660 ga nemu aja. Nemunya 1660 super, PSU yg ane pke MWE 450, kalo ane pke 1660 super itu PSU nya bakal ngangkat ga yah? Mau beli VGA jadi ragu, tapi mau beli yg dibawah 1660 nanggung 🥺",UCha5HckKbiQEyuBSj_0gsDQ,Ugx7_xg_rbk-Ii1iC-J4AaABAg,https://www.youtube.com/watch?v=EJ_Rm7a7tKc&lc=Ugx7_xg_rbk-Ii1iC-J4AaABAg
25,,"NAMS Videography","2020-11-25 01:31:27",0,no,no,"Gabisa bayangin besok lama lama bukan lagi Laptop yang pake SoC tapi PC pake SoC😌",UCo2TxUu3jfRPPX4r6QTZmQQ,UgzzhVRB9XJ1OzmoGV94AaABAg,https://www.youtube.com/watch?v=EJ_Rm7a7tKc&lc=UgzzhVRB9XJ1OzmoGV94AaABAg
26,,"O sky","2020-11-25 05:08:48",2,no,no,"Serem amat semuanya onboard wkwkek",UC3WmqwWkGvRTcxQN-fw17KQ,UgzzDBVOmPCR17Ae9PF4AaABAg,https://www.youtube.com/watch?v=EJ_Rm7a7tKc&lc=UgzzDBVOmPCR17Ae9PF4AaABAg
27,,"Naufal Farras","2020-11-25 06:00:46",0,no,no,"Gua yakin sebelum apple launching m1, mereka jg udh kayak propose ke software company biar ada persiapan juga, jd gabakal terlalu lama transisinya, lagian mereka juga tau pasar pengguna ekosistem apple kaya gimana, intinya transisi bukan masalah sih kayanya",UCFSFyWRhrzsfn-yQFGnNYsg,UgyylEdQMM4_qeh0QEt4AaABAg,https://www.youtube.com/watch?v=EJ_Rm7a7tKc&lc=UgyylEdQMM4_qeh0QEt4AaABAg
28,,"ya sudahlah h","2020-11-25 07:00:32",0,no,no,"12:57.  Awokawok",UC1XnWj9rri_cMDafUu2hbsQ,Ugxm2XE6KTbDLidn0B94AaABAg,https://www.youtube.com/watch?v=EJ_Rm7a7tKc&lc=Ugxm2XE6KTbDLidn0B94AaABAg
29,,"jumat sabtu","2020-11-25 07:05:52",0,no,no,"awas harga Laptop sama komponen PC harganya bakalan terjun bebas bae-bae",UCi8lvaO_Fy3CVr94S0uLPvw,UgwnDSA4Wqe3qAS9XvN4AaABAg,https://www.youtube.com/watch?v=EJ_Rm7a7tKc&lc=UgwnDSA4Wqe3qAS9XvN4AaABAg
30,,Bugzy,"2020-11-25 07:50:32",1,no,no,"apple sih gua percaya,  mana mungkin gak melakukan research dulu, gua yakin pasti udah research udah tes ini itu dulu, baru deh d rilis ke public.",UC2z-SIFxsPKkcHzzyqLrewg,Ugxa2p4zcnRnMKo8nex4AaABAg,https://www.youtube.com/watch?v=EJ_Rm7a7tKc&lc=Ugxa2p4zcnRnMKo8nex4AaABAg
31,,"Ahmad Syafiudin","2020-11-25 08:42:43",0,no,no,"Bukan lupa bang .. apple memang uda tau maslah x86 x64 dg ARM mslah comptiblty software  , mereka uda tau tpi belum bisa mengatasi mslah itu . Jdi sma apple gk di bahas ... 😁",UChaeZHyR-eBkO7PEeZPe4Nw,Ugz5FE43ne6lVtyoZB14AaABAg,https://www.youtube.com/watch?v=EJ_Rm7a7tKc&lc=Ugz5FE43ne6lVtyoZB14AaABAg
32,,"Trio Ahmad","2020-11-25 09:51:20",0,no,no,"Skip kalo bkn tes langsung",UC1fVV8_mF8G0FpWg4Iq2Nhg,UgyOwYs-0i5Smrzlde54AaABAg,https://www.youtube.com/watch?v=EJ_Rm7a7tKc&lc=UgyOwYs-0i5Smrzlde54AaABAg
33,,"Soffi Filianto","2020-11-25 11:00:57",1,no,no,"Di event WWDC kemarin, Apple bilang masa transisi-nya ditargetkan selama 2 tahun. Dan setelah peluncurannya, Adobe bilang kalo software-nya bakal hadir di 2021 untuk yg M1. Let's see apakah ""Move On""-nya Apple dari Intel bakal menjadi boomerang tersendiri? Atau kembali menjadi trendsetter di dunia teknologi?",UCu47eIk8CKhO9BU5-zFsarQ,Ugyf5ok18UrO_KfI_lJ4AaABAg,https://www.youtube.com/watch?v=EJ_Rm7a7tKc&lc=Ugyf5ok18UrO_KfI_lJ4AaABAg
34,,"Budhi Leksona","2020-11-25 12:20:00",1,no,no,"bang coba dicek reviewnya The Tehc Chap dimana dia comparing xps 13 sama m1 macbook pro, disitu kayanya ketara deh inovasi apple sekarang, reliabilitynya emang ga sekeren x86 sii, tapi disesuaikan dengan kebutuhan masing masing lagi sii",UC4k8KT6SgyIPDOMFrSMXO3w,Ugxr4vsZOEYrpAFDef94AaABAg,https://www.youtube.com/watch?v=EJ_Rm7a7tKc&lc=Ugxr4vsZOEYrpAFDef94AaABAg
35,,"Kaka Angrika","2020-11-25 13:13:31",0,no,no,"pertama tama, abang mantul jelasin kalo lini Mac itu bukan buat Gaming, good job. soal RAM dan komponen lain di laptop normal itu upgradable, di lini MAC itu udah hampir 6 tahun gak bisa upgrade setelah beli produk nya jadi yg udah pakai MAC lama itu gak kaget. selanjutnya yg ditunggu tunggu tapi tidak diberitahu oleh abang, sebenarnya udah dijabarin apple berapa lama transisi yg akan dilakukan oleh Apple ke semua developer buat optimize apps kreatifitas yakni antara 1 sampe 2 tahun tapi kenapa tidak dijabarkan di video? dan masalah chip M1 nya, Apple gw yakin di experiment kali ini, hanya mencoba di lini base model nya yg bukan main core laptop buat para kreator yg sampe saat ini masih bisa dibeli dengan chip intel. dan soal developer apps nya, gw yakin malah lebih gampang/butuh waktu yg gak lama untuk optimize ke M1 karena sudah nyata di Apple Bionic Chip di lini device mereka, kebanyakan apps didahulukan di lini Apple Deives nya ketimbang pesaing & kalo diliat market share segmen Laptop dan para pemuja video editor, kebanyakan di segmen Laptop itu based nya Mac yg bisa memakai software mateng nya FCPX (FCP sekarang di M1) dan Adobe Premier/DaVinci Resolve dimana kalo di chip intel itu mereka tidak bisa mendapatkan keistimewaan software matang nya Apple, FCPX. bukan fanboy tapi bisa beropini begini karena udah nonton video reviewer yg neutral terhadap brand, ada benar nya juga, jadi ini opini berdasarkan berbagai sumber yg dijadiin satu. punya apple product cuma iphone 6s wkwkwkwk kagum aja inovasi yg berani keluar dari zona yg dari dulu sebernarnya pengen di tinggal baru kesampaian. contoh lain adalah chip modem di iPhone lini 12 sekarang sudah pake qualcom yg lebih kencang dan daya tangkap sinyal lebih baik ketimbang seri iphone 11 nya dan itu terbukti bahwa Intel mempermainkan semua orang. mohon keritikan nya gaes",UCLq2EA1OOg0_Z8IrZn_564g,UgzmY56lVl9eMozdp3d4AaABAg,https://www.youtube.com/watch?v=EJ_Rm7a7tKc&lc=UgzmY56lVl9eMozdp3d4AaABAg
36,,"Fajri Salam","2020-11-25 15:32:43",0,no,no,"Perkiraan harga laptop di 2021 apakan turun atau naik ya bang? Semoga turun sih",UCmk4r5pBSQKmZR1Hr3_vQOA,Ugy_8jYB02deVGWy5cZ4AaABAg,https://www.youtube.com/watch?v=EJ_Rm7a7tKc&lc=Ugy_8jYB02deVGWy5cZ4AaABAg
37,,"aditya rahman","2020-11-25 16:07:26",2,no,no,"intel pasti nyesel banget karena nolak apple buat bikin chipset arm buat iphone gen 1 gara gara ngira iphone kagak bakal laku.",UC1tXk81omTt_kV6y9gQ6WjQ,UgwB6Uv5OGVd17TkGIJ4AaABAg,https://www.youtube.com/watch?v=EJ_Rm7a7tKc&lc=UgwB6Uv5OGVd17TkGIJ4AaABAg
38,,"Doddy Permana","2020-11-25 18:07:52",0,no,no,"Klo emang apple fan boy, seharusnya uda paham dong y klo sblmnya apple pake INTEL, 
dngn datang nya M1 apakah akan ada perang saudara? 🤣🤣 

kubu merah mengamati 😄",UCaypx9hI_fLeJKZ3mLMdAhw,Ugwu_y0k90--Y35qeph4AaABAg,https://www.youtube.com/watch?v=EJ_Rm7a7tKc&lc=Ugwu_y0k90--Y35qeph4AaABAg
39,,CaptainPure,"2020-11-25 18:16:36",0,no,no,"spoiler alert : intel will fight back di tahun 2023 ""KECUALI"" intel punya perjanjian khusus sama para designer chipset untuk target penjualan (politik market) #basedonintelroadmap",UCWoXIb5wN7prLUw_hnOej3A,UgwYyAcCSIw8g49-Iup4AaABAg,https://www.youtube.com/watch?v=EJ_Rm7a7tKc&lc=UgwYyAcCSIw8g49-Iup4AaABAg
40,,SECRETORUM,"2020-11-25 18:24:28",1,no,no,"bukan lupa bang, compability nya belum optimal",UCLptLLC16qtHgsqXehgLTzw,UgwWFtVNoY0IJj-ZayN4AaABAg,https://www.youtube.com/watch?v=EJ_Rm7a7tKc&lc=UgwWFtVNoY0IJj-ZayN4AaABAg
41,,var_dump,"2020-11-25 18:25:34",1,no,no,"Ini opini pribadi saya

1. Menurutku sih arm itu masa depan, suka tidak suka, mau gak mau. Pertanyaannya transisinya seberapa lama? 
saya rasa cukup cepat (ini tergantung sih, menurut lo 2-3 tahun itu lama apa sebentar 😁). 
pertama mereka udah ada pengalaman transisi dari powerpc ke intel, dan itu cukup berhasil juga under rosetta 1.
kedua untuk pasar professional, apple udah punya nama. bukan hanya punya market, mereka bisa nge-drive market.
contoh kecil aja, chrome udah release versi m1 nya. mungkin engineernya chrome lg kejar setoran ya 😆

2. Untuk kalangan consumer umum, saya gak nemu alasan untuk gak pakai yg versi m1 (ini misalnya lo mau beli mac sekarang dan bingung mau beli yg versi intel atau versi m1). 
secara dari tech reviewer luar udah pada nyobain tool2 yg biasa kita pakai: adobe family, ms office, video editing, audio editing, browser, dll. Udah seamless. 
Bahkan beberapa app yg jalan under rosetta 2 bisa lebih baik dari app yang native di x86 intel. 
kecuali mungkin kayak saya dan beberapa software developer yg pakai tools spesifik dan heavy tight sama x86 architecture. misal pakai docker, vm, homebrew, dll.
ya gak mungkin pindah sekarang, paling enggak nunggu jadwal release dari developernya.

3. Dari dulu agak kurang merhatiin synthetic benchmark (no jangan salah paham, ini saya pribadi aja. Bagaimanapun synthetic benchmark itu valid dan bisa jadi bahan rujukan), 
apalagi pas score benchmarknya m1 leaked dan termasuk tinggi. karena ujung2nya penilaian terakhir saya pas pakai di real scenarios.
tapi abis liat2 reviewnya Max Tech, GregsGadget, Tech Chap, etc. Ternyata benefitnya unified architecture bisa sedrastis itu untuk overall performance dan efisiensi. 
Selama ini kita emang terlalu compensate performace dan efisiensi untuk modularity.",UCV3s__KR5Z_q5X8ybe0djUA,UgxWBVl_1YJxbXJDPJJ4AaABAg,https://www.youtube.com/watch?v=EJ_Rm7a7tKc&lc=UgxWBVl_1YJxbXJDPJJ4AaABAg
42,,"ugu widodo","2020-11-25 23:10:41",1,no,no,"Biarin onthel g seenak jidat ngasih harga😁...pangsa pasar turun......",UCCTwoeQ8a7CG8gDsd2_gVQA,UgxwXb7rY11e5NlCnTx4AaABAg,https://www.youtube.com/watch?v=EJ_Rm7a7tKc&lc=UgxwXb7rY11e5NlCnTx4AaABAg
43,,"Tommy Wijaya","2020-11-26 01:11:10",1,no,no,"yang comment apple jelek pasti belum pernah pakai productnya wkwkwkkwk",UCGz3wQcupvr2sRdOlgQNyMg,UgzsLTexOSOhM4zv5wl4AaABAg,https://www.youtube.com/watch?v=EJ_Rm7a7tKc&lc=UgzsLTexOSOhM4zv5wl4AaABAg
44,,"frezd Mello","2020-11-26 02:37:39",1,no,no,"8:53 kayaknya udah dijelasi sama apple waktu WWDC kemarin. kalau gak salah",UCHcHePm1PfMvDnhHWnI3uQA,UgyTDYdENd8FJ6YAimx4AaABAg,https://www.youtube.com/watch?v=EJ_Rm7a7tKc&lc=UgyTDYdENd8FJ6YAimx4AaABAg
45,,"Adolf hitler","2020-11-26 03:38:03",0,no,no,"Alhamdullilah semenjak saya menonton gaptech id,saya jadi rajin menabung untuk membeli pc, dan akhirnya saya sudah punya pc yang saya mau 😭,terimakasih gaptech id",UCj74IBZVR0lRzauBJ4OU7Yw,UgwHT1y2s7loh29KWFh4AaABAg,https://www.youtube.com/watch?v=EJ_Rm7a7tKc&lc=UgwHT1y2s7loh29KWFh4AaABAg
46,,"Ayi Restudiputra","2020-11-26 06:13:33",1,no,no,"perceraian memang sering ada dampaknya",UCbenwgioxruf_JAiCegaI-A,UgzqldqPkbJrasyozKd4AaABAg,https://www.youtube.com/watch?v=EJ_Rm7a7tKc&lc=UgzqldqPkbJrasyozKd4AaABAg
47,,"Mack Mug","2020-11-26 09:38:17",0,no,no,"tutorial overclock macbook pro donk bang",UCOR5CUTysFg_mlIvQtjOkPA,Ugz9G4CaZP-IPZcxKQx4AaABAg,https://www.youtube.com/watch?v=EJ_Rm7a7tKc&lc=Ugz9G4CaZP-IPZcxKQx4AaABAg
48,,"Mack Mug","2020-11-26 09:38:18",0,no,no,"tutorial overclock macbook pro donk bang",UCOR5CUTysFg_mlIvQtjOkPA,UgwyWvsExLqDsG615OR4AaABAg,https://www.youtube.com/watch?v=EJ_Rm7a7tKc&lc=UgwyWvsExLqDsG615OR4AaABAg
49,,"Raka Danang","2020-11-26 13:19:15",0,no,no,"Laptop ROG tipe apa itu bang yang kau pake",UCdbY0j0EUQDPOZTCXDeLWwQ,UgzCnoAdeCemmB2DCF54AaABAg,https://www.youtube.com/watch?v=EJ_Rm7a7tKc&lc=UgzCnoAdeCemmB2DCF54AaABAg
50,,"Master Key","2020-11-26 13:38:05",0,no,no,"Sudah ada test pakai davinci resolve.. dan hasilnya lebih gokill.. kalau saia pribadi masih wait n see untuk beli, walau emang ada rencana beli, yg pasti ram yg 16gb harus lbih smooth.",UCaW6FiX-taCvbeFigbUR1Mw,UgzY5hLcSXmCAMy--dB4AaABAg,https://www.youtube.com/watch?v=EJ_Rm7a7tKc&lc=UgzY5hLcSXmCAMy--dB4AaABAg
51,,"Andi Ancha","2020-11-26 13:43:36",0,no,no,"Intel mana komparasinya apel ini wkwk. Belum lawan versi brutalnya prosesor pc intel",UC6uoaD49aWJwgiZtypkYwvQ,UgzDmC4Hv4pshDw58IN4AaABAg,https://www.youtube.com/watch?v=EJ_Rm7a7tKc&lc=UgzDmC4Hv4pshDw58IN4AaABAg
52,,"riza hafizi","2020-11-26 13:58:12",0,no,no,"Bang, gimana pendapatnya mengenai lenovo 7i carbon? Tks",UCUlFhUqp2-f6m9mm7x1bWcg,Ugy7fth8LrFTF9qOEvd4AaABAg,https://www.youtube.com/watch?v=EJ_Rm7a7tKc&lc=Ugy7fth8LrFTF9qOEvd4AaABAg
53,,"Limz Photography","2020-11-26 14:18:22",0,no,no,"Laptop rog yg bagus buat editing foto dan video tipe apa ya? Yg sudah 100% sRGB budget 20jt kbwah",UCgLGt9mnuwUO4UWrdEHx6Gw,UgwQTA25w1Vyw1EYmdZ4AaABAg,https://www.youtube.com/watch?v=EJ_Rm7a7tKc&lc=UgwQTA25w1Vyw1EYmdZ4AaABAg
54,,"M. Rendy Azha Danish","2020-11-26 14:23:55",1,no,no,"Ini pembahasan Terobosan masa depan, Di mana Prosesor Komputer tidak Memakai kipas lagi, X86 (Intel,Amd) Arm (Snapdragon, Exynos,MediaTek dll) Tapi View dikit.

Laptop sekarang dengan prosesor Intel AMD pakai Kipas, kalo sudah ARM Chipset HP di pakai di laptop bakal hemat banget Batrai.",UCWz4gPwKz7FywQ2TuwcUkRA,Ugy9_4zA7B-p_DBrbXR4AaABAg,https://www.youtube.com/watch?v=EJ_Rm7a7tKc&lc=Ugy9_4zA7B-p_DBrbXR4AaABAg
55,,"Will Briggs","2020-11-26 14:32:30",2,no,no,"Bro mirip banget Udin Penyok dari Abdel Temon",UCL2NltJ0gj_gqhMAjRbpvrQ,Ugw-WfF7dMqeqMXpEA54AaABAg,https://www.youtube.com/watch?v=EJ_Rm7a7tKc&lc=Ugw-WfF7dMqeqMXpEA54AaABAg
56,,"athalla haryaputro","2020-11-26 15:51:11",0,no,no,"bang saya mau rakit pc
Intel core i5 10400f
Asrock B460 Phantom Gaming 4
Adata XPG SPECTRIX D41 RGB (2x8) 16GB 3000 mhz
Colorfull RTX 2060 6gb
cm mwe 650 white
Hardisk WD blue 2TB sata3 6.0GB/s
tecware nexus m

cocok gak ya",UCUotI5UNDMPSfPdt-eZN-OQ,UgzWOwJijrbJ6grqBDx4AaABAg,https://www.youtube.com/watch?v=EJ_Rm7a7tKc&lc=UgzWOwJijrbJ6grqBDx4AaABAg
57,,"Jody Winner","2020-11-26 22:57:22",0,no,no,"Delay itu klo gaming. Cuma bagus gak bunyi kipas doang",UCchE-fHXDdQd160ds08DqKg,UgygWVIJRox0NayoqHx4AaABAg,https://www.youtube.com/watch?v=EJ_Rm7a7tKc&lc=UgygWVIJRox0NayoqHx4AaABAg
58,,Assembli,"2020-11-27 00:14:38",0,no,no,"intel ngembangin ""evo"" buat ngejar pasar low power high performance,",UCmyDihdHAT3oWYsKPhbLRGg,Ugy_J13m_YTdrHoK_oR4AaABAg,https://www.youtube.com/watch?v=EJ_Rm7a7tKc&lc=Ugy_J13m_YTdrHoK_oR4AaABAg
59,,Assembli,"2020-11-27 00:16:45",0,no,no,"ada yang review Blender di macbook M1 https://youtu.be/y04uPXDElt4",UCmyDihdHAT3oWYsKPhbLRGg,Ugwj2qtAsn7zHYrxuP54AaABAg,https://www.youtube.com/watch?v=EJ_Rm7a7tKc&lc=Ugwj2qtAsn7zHYrxuP54AaABAg
60,,"Pedrro Immanuel","2020-11-27 03:56:36",0,no,no,"Halo Bang 🙏🙏🙏 
Mohon bantuannya, 
Saya mau bertanya... Apakah saya dapat memakai sapphire +nitro RX 5500 XT dengan Core i3 9100f pada mobo AsRock B365m Phantom Gamming4.
Terima Kasih Sebelumnya 🙏🙏🙏",UCAJhzUOAu-LPvdRf4ZN6WUA,UgzYgO03M2GUIezEGoR4AaABAg,https://www.youtube.com/watch?v=EJ_Rm7a7tKc&lc=UgzYgO03M2GUIezEGoR4AaABAg
61,,"YouTuber tomlol","2020-11-27 08:19:47",0,no,no,"Apple m1 lebih cocok buat hp",UC0LCItErXfM4PiJtT8YBMMg,UgxyHh0EgHOQWryCeDx4AaABAg,https://www.youtube.com/watch?v=EJ_Rm7a7tKc&lc=UgxyHh0EgHOQWryCeDx4AaABAg
62,,"Arizal Pratama Tanu Andara","2020-11-27 17:20:33",1,no,no,"yogs mantap",UCR5HSP4LQ2qQx56ppOzgmPA,Ugy8Mg8EoMAvDUcCJXR4AaABAg,https://www.youtube.com/watch?v=EJ_Rm7a7tKc&lc=Ugy8Mg8EoMAvDUcCJXR4AaABAg
63,,"sony ony","2020-11-28 02:10:38",0,no,no,"1 kata 
Tamak 😆",UCkNLULVsuYdCvUJ3_MKsfuQ,UgzM0hVaeRtW86ZLMF14AaABAg,https://www.youtube.com/watch?v=EJ_Rm7a7tKc&lc=UgzM0hVaeRtW86ZLMF14AaABAg
64,,"Muhlis Abdi","2020-11-29 00:41:37",0,no,no,"Kayanya ke depan aplikasi jadi 1 dengan ipad.",UCuGxrK4CtOLTC0BJlVJZbSw,UgwgXvOi6dI4lFFnGZR4AaABAg,https://www.youtube.com/watch?v=EJ_Rm7a7tKc&lc=UgwgXvOi6dI4lFFnGZR4AaABAg
65,,"Adi Wirawan","2020-11-29 12:05:42",0,no,no,"Pada akhirnya pasar yg nentian masa depan M1, kalau angka penjualan nya impresif, developer pasti melihat ini sebagai ruang pasar yg menjanjikan.
Keunggulan nya di ekosistem pengguna Apple yg siap bayar, dan ga terlalu cari yg gratisan. Ditambah jaminan proteksi sistem yg lebih baik dari windows.
Menurut saya targetnya itu...",UCqmuQBw_T3k7Jkud3b9PThw,UgzuDWfe5FA39mNcxMd4AaABAg,https://www.youtube.com/watch?v=EJ_Rm7a7tKc&lc=UgzuDWfe5FA39mNcxMd4AaABAg
66,,"Ichwanul Hakim","2020-11-29 22:35:11",0,no,no,"coba cek tesnya M1 chip di channelnya Created Labs bang, dia bener bener ngetest chipnya sampe limit",UCrIVIMGLUkhbnfbbeWwK3Pw,Ugw_zfWBzhpyQhCCVIN4AaABAg,https://www.youtube.com/watch?v=EJ_Rm7a7tKc&lc=Ugw_zfWBzhpyQhCCVIN4AaABAg
67,,"gunawan gunawan santoso","2020-11-30 00:35:40",0,no,no,"bang subki.saya mau nanya kalau rakit PC Prosesor pakai i3 10100f terus motheboard versi H kalau sama sekali ga overclock Ram Jalan default.kira kira aman ga ya? VRM motherboardnya versi H aja apa harus versi B ? tolong bantu jawab gan.soalnya saya pernah liat video agan yang ngebahas pake motherboard low end tapi pakai ryzen 9 atau i9 .saya bingung gan,kalau i3 generasi 10 tapi pake H motherboard aman atau ga",UCWxBsv2hyemN8EOzqUn5-2w,UgxTD84HmtLyqEoVukR4AaABAg,https://www.youtube.com/watch?v=EJ_Rm7a7tKc&lc=UgxTD84HmtLyqEoVukR4AaABAg
68,,"Story Mantul","2020-11-30 02:52:18",0,no,no,"Coba buat konten rakit pc subscriber Bang nanti viewnya banyak lgi",UC8U18g7y_618qHXL87QdpTA,UgzkwazY_UFk21dr2Z54AaABAg,https://www.youtube.com/watch?v=EJ_Rm7a7tKc&lc=UgzkwazY_UFk21dr2Z54AaABAg
69,,"Muhamad Mashudi Ardi Winata","2020-11-30 07:05:32",0,no,no,"Scroll² cari yg komen ""mending rakit procie""",UCMLtz57p6CXcbvK-cOqVFUQ,UgzppTY8zjlY1xaEcfN4AaABAg,https://www.youtube.com/watch?v=EJ_Rm7a7tKc&lc=UgzppTY8zjlY1xaEcfN4AaABAg
70,,"Helmy HK","2020-11-30 07:59:29",0,no,no,"ARM adalah masa depan 😉",UCOjF_l0b7bGeMRVJSXMLKiA,UgwYsoJKpKodkbzBpzl4AaABAg,https://www.youtube.com/watch?v=EJ_Rm7a7tKc&lc=UgwYsoJKpKodkbzBpzl4AaABAg
71,,"ALVIAN GARRA SANJAYA","2020-11-30 09:12:52",0,no,no,"lu tuh pilek,atau gimana ya gua ngerasa engap tiap lu hihiih
suara ngirung kaya nahan gimana sih kalo lagi flu pilek gitu 
resah hahah",UCZWsxcEooXyrdLmTIwlvRJQ,UgzuStZ6M9vdfKF02BF4AaABAg,https://www.youtube.com/watch?v=EJ_Rm7a7tKc&lc=UgzuStZ6M9vdfKF02BF4AaABAg
72,,"Wing Sky","2020-11-30 13:41:50",4,no,no,"Jadi solusinya apakah harus nunggu M2 / M1X keluar taun depan dulu buat liat ekosistemnya udah mendukung.? Wkwk",UCY9L-HBhIginhf_y1QLoJZQ,Ugzna5hVIvbGP-OrK3t4AaABAg,https://www.youtube.com/watch?v=EJ_Rm7a7tKc&lc=Ugzna5hVIvbGP-OrK3t4AaABAg
73,,"Ahsani Hafizhu","2020-12-01 03:43:58",0,no,no,"kalo buat scientific computing performanya gimana yak? misal mau compile code simulasi gitu (misal pake c++ atau python). apa lebih kenceng ya?",UCxWDY8IgbJrThVPohIiHahw,UgzeE9tDaZSCxjQStot4AaABAg,https://www.youtube.com/watch?v=EJ_Rm7a7tKc&lc=UgzeE9tDaZSCxjQStot4AaABAg
74,,"Daud Reinhard","2020-12-01 12:26:12",0,no,no,"Rakit PC aja bang. Kalau ga’ bagaimana kalau kita rakit laptop?",UCj6sll0r5vrxTJdI0XAiDgQ,UgxpOrKidzDzmgV6lN94AaABAg,https://www.youtube.com/watch?v=EJ_Rm7a7tKc&lc=UgxpOrKidzDzmgV6lN94AaABAg
75,,"Shadow Gamers","2020-12-01 22:53:35",0,no,no,"coba gk di lock costumisnya. syg kbnyakan apple di lock di ram/ssd tiap seri. pdhl gw suka bnget performanya krna apple lebih fokus gk kya windows.",UC--CbCiWcu3QhEg79eSps6A,UgwS_L7XPhid2cUpQOl4AaABAg,https://www.youtube.com/watch?v=EJ_Rm7a7tKc&lc=UgwS_L7XPhid2cUpQOl4AaABAg
76,,"Yudha Prasetyo","2020-12-02 10:09:47",0,no,no,"Harusnya dengan processor yang dikembangkan sendiri, Apple bisa memangkas harga devicenya cukup lumayan. Tapi eksklusifitas iPhone itu yang ngeselin. Kita liat apakah M1 daya tahannya bisa lebih bagus daripada Intel atau AMD kalau di hajar terus2an.  Ya kalo gue sih ga yakin ya",UCYaeuHbeXf1qbWhnZF7PVYg,UgzcVqVquHoYd4G_3hR4AaABAg,https://www.youtube.com/watch?v=EJ_Rm7a7tKc&lc=UgzcVqVquHoYd4G_3hR4AaABAg
77,,"dwi martopo","2020-12-02 23:27:13",17,no,no,"Review nya udh bnyk, menang telak m1 nya, test adobe maupun game nya, RIP intel😭",UC8KTamfs-hQka3IuTILYI7Q,Ugy8CeZ_-gY9uf_v_iN4AaABAg,https://www.youtube.com/watch?v=EJ_Rm7a7tKc&lc=Ugy8CeZ_-gY9uf_v_iN4AaABAg
78,,AvenaPros,"2020-12-03 09:36:35",0,no,no,"Adobe sih udah kerja sama, masih on-going proses development Adobe apps-nya di ARM. (Microsoft Office juga)
Dan dijanjiin emang masa transisi 2 tahun, ya 2022 lah baru kita bisa liat janji manisnya, berbuah atau busuk.",UCsW73Gz3Ea8yAgY7pezG8kw,Ugxz-mBaeh3LuC-OU9h4AaABAg,https://www.youtube.com/watch?v=EJ_Rm7a7tKc&lc=Ugxz-mBaeh3LuC-OU9h4AaABAg
79,,"Aji Suseno","2020-12-04 15:49:32",0,no,no,"Tambahan info buat M1 :)

https://www.youtube.com/watch?v=OuF9weSkS68",UCOvPBWBrs_Qzd-1IoYgAVAg,Ugx2la5X1sn9dyJPKAZ4AaABAg,https://www.youtube.com/watch?v=EJ_Rm7a7tKc&lc=Ugx2la5X1sn9dyJPKAZ4AaABAg
80,,"Akta Raharja","2020-12-05 13:27:08",0,no,no,"opini kurang riset",UCovF-pe6GzgORiDqzrHFpwA,UgymC_fJ5vLf8nAFlo94AaABAg,https://www.youtube.com/watch?v=EJ_Rm7a7tKc&lc=UgymC_fJ5vLf8nAFlo94AaABAg
81,,"ridho muhammad","2020-12-06 01:24:57",0,no,no,"Next nya klo boleh bg lsg nyobain M1 bang, biar bener2 terbukti software2 yg menjadi issue...",UCAR-Xh_gJuubjBywWNwDsdA,UgxF6DSoK2hmUvvX2K14AaABAg,https://www.youtube.com/watch?v=EJ_Rm7a7tKc&lc=UgxF6DSoK2hmUvvX2K14AaABAg
82,,"Jamil Aziz","2020-12-06 16:08:52",0,no,no,"langsung test donk kan jadi tau nga penasaran",UCB35Y-lwS5f_41cZVCmUivQ,Ugx66OQKO67AePUipMp4AaABAg,https://www.youtube.com/watch?v=EJ_Rm7a7tKc&lc=Ugx66OQKO67AePUipMp4AaABAg
83,,fashaps,"2020-12-10 07:46:29",0,no,no,"entah kenapa ada panggilan buat beli macbook",UCsznzRD9egT1gmypK0cmnUA,Ugxm1Gq7G1_bFLjT1v54AaABAg,https://www.youtube.com/watch?v=EJ_Rm7a7tKc&lc=Ugxm1Gq7G1_bFLjT1v54AaABAg
84,,"Ikram Iriansyah","2020-12-19 02:18:35",0,no,no,"Laptop yg di pake bang Ilham merk Asus rog series apa?",UCN5X2BsDaAAP-xmYVi9ROYg,Ugy6T3fh-A41Ylnr8zZ4AaABAg,https://www.youtube.com/watch?v=EJ_Rm7a7tKc&lc=Ugy6T3fh-A41Ylnr8zZ4AaABAg
85,,"Zulham Syahputra","2020-12-21 07:39:28",0,no,no,"selamat tinggal x86, selamat datang ARM...... good job apple!!!",UChJ6QmiMFgDZkd2LksLQOpw,UgwplVQWM-UkG_iUVoV4AaABAg,https://www.youtube.com/watch?v=EJ_Rm7a7tKc&lc=UgwplVQWM-UkG_iUVoV4AaABAg
86,,"Tri Ariyanto","2021-01-05 08:29:49",0,no,no,luwih.com,UCatv9r9PnbcHyZ0B3KIIRaQ,Ugzt6GBLp6BU3AwxSxZ4AaABAg,https://www.youtube.com/watch?v=EJ_Rm7a7tKc&lc=Ugzt6GBLp6BU3AwxSxZ4AaABAg
87,,"Say Hi","2021-01-09 03:19:21",0,no,no,"Jarang jarang gue ngeklik “like” di youtube yang kalo menurut gue gapenting, tapi kali ini ini emg the best bgt si gaperlu search search cape cape nyari differentnya, ilmu buat kedepannya bgt si👍🏻",UCB0bYjd_mMlU7Eu6XaLYEsA,UgytKqV0kag01q1acpp4AaABAg,https://www.youtube.com/watch?v=EJ_Rm7a7tKc&lc=UgytKqV0kag01q1acpp4AaABAg
88,,"Frya Syahriani Pahlevi","2021-01-10 00:38:53",0,no,no,"11:56 awkwkwkw",UCjI5eMgomNGD8WNbhHCTCRQ,UgxArX7BVkunlFJcJgF4AaABAg,https://www.youtube.com/watch?v=EJ_Rm7a7tKc&lc=UgxArX7BVkunlFJcJgF4AaABAg
89,,"naredho rizqi","2021-01-12 02:03:43",0,no,no,"Nunggu adobe punya native software untuk M1 baru upgrade tar. Gamau buru2 daripada kerjaan ngadat...",UC3XnHZ6whys62sg-E6_eRPg,Ugxkh2PB16m5XuQ83pV4AaABAg,https://www.youtube.com/watch?v=EJ_Rm7a7tKc&lc=Ugxkh2PB16m5XuQ83pV4AaABAg
90,,"Rizky Setiawan","2021-01-14 11:15:43",0,no,no,"Manja banget mata gw",UCquICy8y3uDdVszZrTq7ghA,UgwB-VZ4OyAMKKWM3NV4AaABAg,https://www.youtube.com/watch?v=EJ_Rm7a7tKc&lc=UgwB-VZ4OyAMKKWM3NV4AaABAg
91,,"Deva Markano","2021-01-16 13:55:08",0,no,no,"lubag idung bang..",UCpYqsJYVr7dCNCJqBVXlUXw,UgzcXl2LVNcCyT8dLi54AaABAg,https://www.youtube.com/watch?v=EJ_Rm7a7tKc&lc=UgzcXl2LVNcCyT8dLi54AaABAg
92,,"Mochamad Yasin","2021-01-22 09:40:50",0,no,no,"Jawaban dari pertanyaan 09.00 jawabannya sangat jauh dari harapan bro krn industri kreatif di ciptakan bukan untuk prosesor arm yg notabene prosesor risc.",UCrmpJe7_N7brQsznrtm54WA,UgzVnhFqyLiFQ6kJ5Dt4AaABAg,https://www.youtube.com/watch?v=EJ_Rm7a7tKc&lc=UgzVnhFqyLiFQ6kJ5Dt4AaABAg
93,,Warganet,"2021-01-23 16:51:20",0,no,no,"Ngeliat gaya bisnisnya, mungkin Apple lebih ke arah build software saingan untuk optimal di M1",UCW4l-RbSf9Oenm298tETA9w,UgymEzUlAsPb95thR5x4AaABAg,https://www.youtube.com/watch?v=EJ_Rm7a7tKc&lc=UgymEzUlAsPb95thR5x4AaABAg
94,,"El San","2021-01-25 02:34:58",0,no,no,"Itu laptop ROG jenis apa ya yg nyala logonya?",UCbThnuPY-IhQQ3UtrP1JKpw,Ugztssns2MncFC0QZTJ4AaABAg,https://www.youtube.com/watch?v=EJ_Rm7a7tKc&lc=Ugztssns2MncFC0QZTJ4AaABAg
95,,"Extraordinary Data","2021-02-10 14:53:28",0,no,no,"Yg macbook air nya rekomended ga s?",UCw2-gCQDrCU3rwilu2Pw6iw,UgxeysPXJpaQBZ3Pyxp4AaABAg,https://www.youtube.com/watch?v=EJ_Rm7a7tKc&lc=UgxeysPXJpaQBZ3Pyxp4AaABAg
96,,"Adhi Setiawan","2021-02-20 10:53:56",0,no,no,"M1 Gak bisa di crack adobe 😭",UCuwsZLkpw6vd_w6RVY8kwrA,Ugz4u3Mr6MVPnYHM6sJ4AaABAg,https://www.youtube.com/watch?v=EJ_Rm7a7tKc&lc=Ugz4u3Mr6MVPnYHM6sJ4AaABAg
97,,Elbarto,"2021-03-05 11:10:57",1,no,no,"Ini orang ngomong gak tau bisnis, merasa sok paling tau banget teknologi.",UCr15oURU9NRx6W3qr2ootvg,UgzZIkfXvhRsxC7jEHR4AaABAg,https://www.youtube.com/watch?v=EJ_Rm7a7tKc&lc=UgzZIkfXvhRsxC7jEHR4AaABAg
98,,"Yohanes Pasaribu","2021-03-06 05:26:34",0,no,no,"Nunggu Mac ARM yang udah optimal Thunderbolt-nya",UCrgiVOVMEK7yVCPuWyn9-gQ,Ugzc9h9Xv1VJ40eRMGt4AaABAg,https://www.youtube.com/watch?v=EJ_Rm7a7tKc&lc=Ugzc9h9Xv1VJ40eRMGt4AaABAg
99,,"Ragil Yusuf Setiadi","2021-03-07 16:01:09",0,no,no,"Ditunggu review mac mini m1 mas bro",UCSW34KsYYycOd3fmhyB55fg,UgwAQyk9OsnxFQMEL7p4AaABAg,https://www.youtube.com/watch?v=EJ_Rm7a7tKc&lc=UgwAQyk9OsnxFQMEL7p4AaABAg
100,,"Reza Nugraha","2021-04-10 22:24:02",0,no,no,"Kalo sampe kejadian bisa nangis kaum2 mendang mending secara produk apple kan muahalnya gk ngotak",UCnCdnTXxo8pC7ohxcl4MLXg,Ugx0cRH3OaMyZ3Y8qQR4AaABAg,https://www.youtube.com/watch?v=EJ_Rm7a7tKc&lc=Ugx0cRH3OaMyZ3Y8qQR4AaABAg
